x,y,date
413065.0,4568625.0,2025-01-15
412545.0,4568595.0,2025-01-15
412555.0,4568595.0,2025-01-15
412565.0,4568595.0,2025-01-15
412575.0,4568595.0,2025-01-15
412585.0,4568595.0,2025-01-15
412595.0,4568595.0,2025-01-15
412605.0,4568595.0,2025-01-15
412615.0,4568595.0,2025-01-15
412625.0,4568595.0,2025-01-15
412635.0,4568595.0,2025-01-15
412645.0,4568595.0,2025-01-15
412655.0,4568595.0,2025-01-15
412665.0,4568595.0,2025-01-15
412675.0,4568595.0,2025-01-15
412685.0,4568595.0,2025-01-15
412695.0,4568595.0,2025-01-15
412705.0,4568595.0,2025-01-15
412715.0,4568595.0,2025-01-15
412725.0,4568595.0,2025-01-15
412735.0,4568595.0,2025-01-15
412745.0,4568595.0,2025-01-15
415545.0,4568595.0,2025-01-15
412195.0,4568585.0,2025-01-15
412205.0,4568585.0,2025-01-15
412225.0,4568585.0,2025-01-15
412235.0,4568585.0,2025-01-15
412295.0,4568585.0,2025-01-15
412305.0,4568585.0,2025-01-15
412315.0,4568585.0,2025-01-15
412325.0,4568585.0,2025-01-15
412335.0,4568585.0,2025-01-15
412345.0,4568585.0,2025-01-15
412355.0,4568585.0,2025-01-15
412365.0,4568585.0,2025-01-15
412415.0,4568585.0,2025-01-15
412425.0,4568585.0,2025-01-15
412435.0,4568585.0,2025-01-15
412445.0,4568585.0,2025-01-15
412455.0,4568585.0,2025-01-15
412465.0,4568585.0,2025-01-15
412475.0,4568585.0,2025-01-15
412485.0,4568585.0,2025-01-15
412495.0,4568585.0,2025-01-15
412505.0,4568585.0,2025-01-15
412515.0,4568585.0,2025-01-15
412525.0,4568585.0,2025-01-15
412535.0,4568585.0,2025-01-15
412545.0,4568585.0,2025-01-15
412745.0,4568585.0,2025-01-15
412755.0,4568585.0,2025-01-15
412765.0,4568585.0,2025-01-15
412775.0,4568585.0,2025-01-15
412785.0,4568585.0,2025-01-15
412795.0,4568585.0,2025-01-15
412805.0,4568585.0,2025-01-15
412815.0,4568585.0,2025-01-15
412825.0,4568585.0,2025-01-15
412835.0,4568585.0,2025-01-15
412975.0,4568585.0,2025-01-15
412985.0,4568585.0,2025-01-15
412995.0,4568585.0,2025-01-15
413005.0,4568585.0,2025-01-15
413015.0,4568585.0,2025-01-15
413025.0,4568585.0,2025-01-15
413035.0,4568585.0,2025-01-15
413065.0,4568585.0,2025-01-15
413075.0,4568585.0,2025-01-15
413085.0,4568585.0,2025-01-15
413095.0,4568585.0,2025-01-15
413105.0,4568585.0,2025-01-15
413115.0,4568585.0,2025-01-15
413125.0,4568585.0,2025-01-15
413155.0,4568585.0,2025-01-15
413165.0,4568585.0,2025-01-15
413275.0,4568585.0,2025-01-15
413285.0,4568585.0,2025-01-15
413295.0,4568585.0,2025-01-15
415545.0,4568585.0,2025-01-15
416095.0,4568585.0,2025-01-15
416105.0,4568585.0,2025-01-15
416115.0,4568585.0,2025-01-15
416125.0,4568585.0,2025-01-15
416135.0,4568585.0,2025-01-15
416145.0,4568585.0,2025-01-15
416155.0,4568585.0,2025-01-15
416165.0,4568585.0,2025-01-15
416175.0,4568585.0,2025-01-15
416185.0,4568585.0,2025-01-15
416195.0,4568585.0,2025-01-15
416205.0,4568585.0,2025-01-15
416215.0,4568585.0,2025-01-15
416225.0,4568585.0,2025-01-15
416235.0,4568585.0,2025-01-15
416245.0,4568585.0,2025-01-15
416255.0,4568585.0,2025-01-15
416265.0,4568585.0,2025-01-15
416275.0,4568585.0,2025-01-15
416285.0,4568585.0,2025-01-15
416295.0,4568585.0,2025-01-15
416305.0,4568585.0,2025-01-15
416315.0,4568585.0,2025-01-15
416325.0,4568585.0,2025-01-15
416335.0,4568585.0,2025-01-15
416345.0,4568585.0,2025-01-15
416355.0,4568585.0,2025-01-15
416365.0,4568585.0,2025-01-15
416375.0,4568585.0,2025-01-15
416385.0,4568585.0,2025-01-15
416395.0,4568585.0,2025-01-15
412025.0,4568575.0,2025-01-15
412035.0,4568575.0,2025-01-15
412045.0,4568575.0,2025-01-15
412055.0,4568575.0,2025-01-15
412065.0,4568575.0,2025-01-15
412075.0,4568575.0,2025-01-15
412085.0,4568575.0,2025-01-15
412095.0,4568575.0,2025-01-15
412105.0,4568575.0,2025-01-15
412115.0,4568575.0,2025-01-15
412125.0,4568575.0,2025-01-15
412135.0,4568575.0,2025-01-15
412145.0,4568575.0,2025-01-15
412155.0,4568575.0,2025-01-15
412165.0,4568575.0,2025-01-15
412175.0,4568575.0,2025-01-15
412185.0,4568575.0,2025-01-15
412195.0,4568575.0,2025-01-15
412205.0,4568575.0,2025-01-15
412215.0,4568575.0,2025-01-15
412225.0,4568575.0,2025-01-15
412235.0,4568575.0,2025-01-15
412245.0,4568575.0,2025-01-15
412255.0,4568575.0,2025-01-15
412265.0,4568575.0,2025-01-15
412275.0,4568575.0,2025-01-15
412285.0,4568575.0,2025-01-15
412295.0,4568575.0,2025-01-15
412365.0,4568575.0,2025-01-15
412375.0,4568575.0,2025-01-15
412385.0,4568575.0,2025-01-15
412395.0,4568575.0,2025-01-15
412405.0,4568575.0,2025-01-15
412415.0,4568575.0,2025-01-15
412835.0,4568575.0,2025-01-15
412845.0,4568575.0,2025-01-15
412855.0,4568575.0,2025-01-15
412865.0,4568575.0,2025-01-15
412875.0,4568575.0,2025-01-15
412885.0,4568575.0,2025-01-15
412895.0,4568575.0,2025-01-15
412905.0,4568575.0,2025-01-15
412915.0,4568575.0,2025-01-15
412925.0,4568575.0,2025-01-15
412935.0,4568575.0,2025-01-15
412945.0,4568575.0,2025-01-15
412955.0,4568575.0,2025-01-15
412965.0,4568575.0,2025-01-15
412975.0,4568575.0,2025-01-15
413035.0,4568575.0,2025-01-15
413045.0,4568575.0,2025-01-15
413055.0,4568575.0,2025-01-15
413065.0,4568575.0,2025-01-15
413125.0,4568575.0,2025-01-15
413135.0,4568575.0,2025-01-15
413145.0,4568575.0,2025-01-15
413155.0,4568575.0,2025-01-15
413165.0,4568575.0,2025-01-15
413175.0,4568575.0,2025-01-15
413185.0,4568575.0,2025-01-15
413195.0,4568575.0,2025-01-15
413205.0,4568575.0,2025-01-15
413215.0,4568575.0,2025-01-15
413225.0,4568575.0,2025-01-15
413235.0,4568575.0,2025-01-15
413245.0,4568575.0,2025-01-15
413255.0,4568575.0,2025-01-15
413265.0,4568575.0,2025-01-15
413275.0,4568575.0,2025-01-15
413295.0,4568575.0,2025-01-15
413305.0,4568575.0,2025-01-15
413315.0,4568575.0,2025-01-15
413325.0,4568575.0,2025-01-15
413335.0,4568575.0,2025-01-15
413345.0,4568575.0,2025-01-15
413355.0,4568575.0,2025-01-15
413365.0,4568575.0,2025-01-15
413375.0,4568575.0,2025-01-15
413385.0,4568575.0,2025-01-15
413395.0,4568575.0,2025-01-15
413405.0,4568575.0,2025-01-15
413415.0,4568575.0,2025-01-15
413425.0,4568575.0,2025-01-15
413435.0,4568575.0,2025-01-15
413445.0,4568575.0,2025-01-15
413455.0,4568575.0,2025-01-15
413465.0,4568575.0,2025-01-15
413475.0,4568575.0,2025-01-15
413485.0,4568575.0,2025-01-15
413495.0,4568575.0,2025-01-15
413505.0,4568575.0,2025-01-15
413515.0,4568575.0,2025-01-15
413525.0,4568575.0,2025-01-15
413535.0,4568575.0,2025-01-15
413545.0,4568575.0,2025-01-15
413555.0,4568575.0,2025-01-15
413565.0,4568575.0,2025-01-15
413575.0,4568575.0,2025-01-15
413585.0,4568575.0,2025-01-15
413595.0,4568575.0,2025-01-15
413605.0,4568575.0,2025-01-15
413615.0,4568575.0,2025-01-15
413625.0,4568575.0,2025-01-15
413635.0,4568575.0,2025-01-15
413645.0,4568575.0,2025-01-15
413655.0,4568575.0,2025-01-15
413665.0,4568575.0,2025-01-15
413675.0,4568575.0,2025-01-15
413685.0,4568575.0,2025-01-15
413695.0,4568575.0,2025-01-15
413705.0,4568575.0,2025-01-15
413715.0,4568575.0,2025-01-15
413725.0,4568575.0,2025-01-15
413735.0,4568575.0,2025-01-15
413745.0,4568575.0,2025-01-15
413755.0,4568575.0,2025-01-15
413765.0,4568575.0,2025-01-15
413775.0,4568575.0,2025-01-15
413785.0,4568575.0,2025-01-15
413795.0,4568575.0,2025-01-15
413805.0,4568575.0,2025-01-15
413815.0,4568575.0,2025-01-15
413825.0,4568575.0,2025-01-15
413895.0,4568575.0,2025-01-15
413915.0,4568575.0,2025-01-15
413955.0,4568575.0,2025-01-15
415885.0,4568575.0,2025-01-15
415895.0,4568575.0,2025-01-15
415905.0,4568575.0,2025-01-15
415915.0,4568575.0,2025-01-15
415925.0,4568575.0,2025-01-15
415935.0,4568575.0,2025-01-15
415945.0,4568575.0,2025-01-15
415955.0,4568575.0,2025-01-15
415965.0,4568575.0,2025-01-15
416035.0,4568575.0,2025-01-15
416045.0,4568575.0,2025-01-15
416055.0,4568575.0,2025-01-15
416065.0,4568575.0,2025-01-15
416075.0,4568575.0,2025-01-15
416085.0,4568575.0,2025-01-15
416095.0,4568575.0,2025-01-15
411925.0,4568565.0,2025-01-15
411935.0,4568565.0,2025-01-15
411945.0,4568565.0,2025-01-15
411955.0,4568565.0,2025-01-15
411965.0,4568565.0,2025-01-15
411975.0,4568565.0,2025-01-15
411985.0,4568565.0,2025-01-15
411995.0,4568565.0,2025-01-15
412005.0,4568565.0,2025-01-15
412015.0,4568565.0,2025-01-15
412025.0,4568565.0,2025-01-15
413825.0,4568565.0,2025-01-15
413835.0,4568565.0,2025-01-15
413845.0,4568565.0,2025-01-15
413855.0,4568565.0,2025-01-15
413865.0,4568565.0,2025-01-15
413875.0,4568565.0,2025-01-15
413885.0,4568565.0,2025-01-15
413895.0,4568565.0,2025-01-15
413905.0,4568565.0,2025-01-15
413915.0,4568565.0,2025-01-15
413925.0,4568565.0,2025-01-15
413935.0,4568565.0,2025-01-15
413945.0,4568565.0,2025-01-15
413955.0,4568565.0,2025-01-15
413965.0,4568565.0,2025-01-15
413975.0,4568565.0,2025-01-15
413985.0,4568565.0,2025-01-15
413995.0,4568565.0,2025-01-15
414005.0,4568565.0,2025-01-15
414015.0,4568565.0,2025-01-15
414025.0,4568565.0,2025-01-15
414035.0,4568565.0,2025-01-15
414045.0,4568565.0,2025-01-15
414055.0,4568565.0,2025-01-15
414065.0,4568565.0,2025-01-15
414075.0,4568565.0,2025-01-15
414085.0,4568565.0,2025-01-15
414095.0,4568565.0,2025-01-15
414105.0,4568565.0,2025-01-15
414115.0,4568565.0,2025-01-15
414125.0,4568565.0,2025-01-15
414135.0,4568565.0,2025-01-15
414145.0,4568565.0,2025-01-15
414155.0,4568565.0,2025-01-15
414165.0,4568565.0,2025-01-15
414175.0,4568565.0,2025-01-15
414185.0,4568565.0,2025-01-15
414195.0,4568565.0,2025-01-15
414205.0,4568565.0,2025-01-15
414215.0,4568565.0,2025-01-15
414225.0,4568565.0,2025-01-15
414235.0,4568565.0,2025-01-15
414245.0,4568565.0,2025-01-15
414255.0,4568565.0,2025-01-15
414265.0,4568565.0,2025-01-15
414275.0,4568565.0,2025-01-15
414285.0,4568565.0,2025-01-15
414295.0,4568565.0,2025-01-15
414305.0,4568565.0,2025-01-15
414315.0,4568565.0,2025-01-15
414325.0,4568565.0,2025-01-15
414335.0,4568565.0,2025-01-15
414345.0,4568565.0,2025-01-15
414355.0,4568565.0,2025-01-15
414365.0,4568565.0,2025-01-15
414375.0,4568565.0,2025-01-15
414385.0,4568565.0,2025-01-15
414395.0,4568565.0,2025-01-15
414405.0,4568565.0,2025-01-15
414415.0,4568565.0,2025-01-15
414425.0,4568565.0,2025-01-15
414435.0,4568565.0,2025-01-15
414445.0,4568565.0,2025-01-15
414455.0,4568565.0,2025-01-15
414465.0,4568565.0,2025-01-15
414475.0,4568565.0,2025-01-15
414485.0,4568565.0,2025-01-15
414495.0,4568565.0,2025-01-15
414505.0,4568565.0,2025-01-15
414515.0,4568565.0,2025-01-15
414525.0,4568565.0,2025-01-15
414535.0,4568565.0,2025-01-15
414545.0,4568565.0,2025-01-15
414555.0,4568565.0,2025-01-15
414565.0,4568565.0,2025-01-15
414575.0,4568565.0,2025-01-15
414585.0,4568565.0,2025-01-15
414595.0,4568565.0,2025-01-15
414605.0,4568565.0,2025-01-15
414615.0,4568565.0,2025-01-15
414625.0,4568565.0,2025-01-15
414635.0,4568565.0,2025-01-15
414645.0,4568565.0,2025-01-15
414655.0,4568565.0,2025-01-15
415065.0,4568565.0,2025-01-15
415075.0,4568565.0,2025-01-15
415085.0,4568565.0,2025-01-15
415095.0,4568565.0,2025-01-15
415595.0,4568565.0,2025-01-15
415605.0,4568565.0,2025-01-15
415615.0,4568565.0,2025-01-15
415625.0,4568565.0,2025-01-15
415635.0,4568565.0,2025-01-15
415815.0,4568565.0,2025-01-15
415825.0,4568565.0,2025-01-15
415835.0,4568565.0,2025-01-15
415845.0,4568565.0,2025-01-15
415855.0,4568565.0,2025-01-15
415865.0,4568565.0,2025-01-15
415875.0,4568565.0,2025-01-15
415885.0,4568565.0,2025-01-15
415965.0,4568565.0,2025-01-15
415975.0,4568565.0,2025-01-15
415985.0,4568565.0,2025-01-15
415995.0,4568565.0,2025-01-15
416005.0,4568565.0,2025-01-15
416015.0,4568565.0,2025-01-15
416025.0,4568565.0,2025-01-15
416035.0,4568565.0,2025-01-15
411805.0,4568555.0,2025-01-15
411815.0,4568555.0,2025-01-15
411825.0,4568555.0,2025-01-15
411835.0,4568555.0,2025-01-15
411845.0,4568555.0,2025-01-15
411855.0,4568555.0,2025-01-15
411865.0,4568555.0,2025-01-15
411875.0,4568555.0,2025-01-15
411885.0,4568555.0,2025-01-15
411895.0,4568555.0,2025-01-15
411905.0,4568555.0,2025-01-15
411915.0,4568555.0,2025-01-15
411925.0,4568555.0,2025-01-15
414655.0,4568555.0,2025-01-15
414665.0,4568555.0,2025-01-15
414675.0,4568555.0,2025-01-15
414685.0,4568555.0,2025-01-15
414695.0,4568555.0,2025-01-15
414705.0,4568555.0,2025-01-15
414715.0,4568555.0,2025-01-15
414725.0,4568555.0,2025-01-15
414735.0,4568555.0,2025-01-15
414745.0,4568555.0,2025-01-15
414755.0,4568555.0,2025-01-15
414765.0,4568555.0,2025-01-15
414775.0,4568555.0,2025-01-15
414785.0,4568555.0,2025-01-15
414795.0,4568555.0,2025-01-15
414805.0,4568555.0,2025-01-15
414815.0,4568555.0,2025-01-15
414825.0,4568555.0,2025-01-15
414835.0,4568555.0,2025-01-15
414845.0,4568555.0,2025-01-15
414855.0,4568555.0,2025-01-15
414865.0,4568555.0,2025-01-15
414875.0,4568555.0,2025-01-15
414885.0,4568555.0,2025-01-15
414895.0,4568555.0,2025-01-15
414905.0,4568555.0,2025-01-15
414915.0,4568555.0,2025-01-15
414925.0,4568555.0,2025-01-15
414935.0,4568555.0,2025-01-15
414945.0,4568555.0,2025-01-15
414955.0,4568555.0,2025-01-15
414965.0,4568555.0,2025-01-15
414975.0,4568555.0,2025-01-15
414985.0,4568555.0,2025-01-15
414995.0,4568555.0,2025-01-15
415005.0,4568555.0,2025-01-15
415015.0,4568555.0,2025-01-15
415025.0,4568555.0,2025-01-15
415035.0,4568555.0,2025-01-15
415045.0,4568555.0,2025-01-15
415055.0,4568555.0,2025-01-15
415065.0,4568555.0,2025-01-15
415095.0,4568555.0,2025-01-15
415105.0,4568555.0,2025-01-15
415115.0,4568555.0,2025-01-15
415125.0,4568555.0,2025-01-15
415135.0,4568555.0,2025-01-15
415145.0,4568555.0,2025-01-15
415155.0,4568555.0,2025-01-15
415165.0,4568555.0,2025-01-15
415175.0,4568555.0,2025-01-15
415185.0,4568555.0,2025-01-15
415195.0,4568555.0,2025-01-15
415205.0,4568555.0,2025-01-15
415215.0,4568555.0,2025-01-15
415225.0,4568555.0,2025-01-15
415235.0,4568555.0,2025-01-15
415245.0,4568555.0,2025-01-15
415255.0,4568555.0,2025-01-15
415265.0,4568555.0,2025-01-15
415275.0,4568555.0,2025-01-15
415285.0,4568555.0,2025-01-15
415295.0,4568555.0,2025-01-15
415305.0,4568555.0,2025-01-15
415315.0,4568555.0,2025-01-15
415325.0,4568555.0,2025-01-15
415335.0,4568555.0,2025-01-15
415345.0,4568555.0,2025-01-15
415355.0,4568555.0,2025-01-15
415365.0,4568555.0,2025-01-15
415375.0,4568555.0,2025-01-15
415385.0,4568555.0,2025-01-15
415395.0,4568555.0,2025-01-15
415405.0,4568555.0,2025-01-15
415415.0,4568555.0,2025-01-15
415425.0,4568555.0,2025-01-15
415435.0,4568555.0,2025-01-15
415445.0,4568555.0,2025-01-15
415455.0,4568555.0,2025-01-15
415465.0,4568555.0,2025-01-15
415475.0,4568555.0,2025-01-15
415485.0,4568555.0,2025-01-15
415495.0,4568555.0,2025-01-15
415505.0,4568555.0,2025-01-15
415515.0,4568555.0,2025-01-15
415525.0,4568555.0,2025-01-15
415535.0,4568555.0,2025-01-15
415545.0,4568555.0,2025-01-15
415555.0,4568555.0,2025-01-15
415565.0,4568555.0,2025-01-15
415575.0,4568555.0,2025-01-15
415585.0,4568555.0,2025-01-15
415595.0,4568555.0,2025-01-15
415635.0,4568555.0,2025-01-15
415645.0,4568555.0,2025-01-15
415655.0,4568555.0,2025-01-15
415665.0,4568555.0,2025-01-15
415675.0,4568555.0,2025-01-15
415685.0,4568555.0,2025-01-15
415695.0,4568555.0,2025-01-15
415705.0,4568555.0,2025-01-15
415715.0,4568555.0,2025-01-15
415725.0,4568555.0,2025-01-15
415735.0,4568555.0,2025-01-15
415745.0,4568555.0,2025-01-15
415755.0,4568555.0,2025-01-15
415765.0,4568555.0,2025-01-15
415775.0,4568555.0,2025-01-15
415785.0,4568555.0,2025-01-15
415795.0,4568555.0,2025-01-15
415805.0,4568555.0,2025-01-15
415815.0,4568555.0,2025-01-15
411745.0,4568545.0,2025-01-15
411755.0,4568545.0,2025-01-15
411765.0,4568545.0,2025-01-15
411775.0,4568545.0,2025-01-15
411785.0,4568545.0,2025-01-15
411795.0,4568545.0,2025-01-15
411805.0,4568545.0,2025-01-15
