41.264247613479284,1.9508872674863404,2025-04-24
41.264247613479284,1.9509103409836082,2025-04-24
41.264247613479284,1.950933414480876,2025-04-24
41.264247613479284,1.9509564879781438,2025-04-24
41.264247613479284,1.9509795614754115,2025-04-24
41.26418770847018,1.9508872674863404,2025-04-24
41.26418770847018,1.9509103409836082,2025-04-24
41.26418770847018,1.950933414480876,2025-04-24
41.26418770847018,1.9509564879781438,2025-04-24
41.26418770847018,1.9509795614754115,2025-04-24
41.26388818342464,1.950079695081969,2025-04-24
41.26388818342464,1.9501027685792367,2025-04-24
41.26388818342464,1.9501258420765044,2025-04-24
41.26388818342464,1.9501489155737721,2025-04-24
41.26388818342464,1.9501719890710398,2025-04-24
41.26388818342464,1.9501950625683078,2025-04-24
41.26388818342464,1.9502181360655755,2025-04-24
41.26388818342464,1.9502412095628432,2025-04-24
41.26388818342464,1.950264283060111,2025-04-24
41.26388818342464,1.9502873565573788,2025-04-24
41.26388818342464,1.9503104300546465,2025-04-24
41.26388818342464,1.9503335035519143,2025-04-24
41.26388818342464,1.950356577049182,2025-04-24
41.26388818342464,1.9503796505464497,2025-04-24
41.26388818342464,1.9504027240437176,2025-04-24
41.26388818342464,1.9504257975409853,2025-04-24
41.26388818342464,1.950448871038253,2025-04-24
41.26388818342464,1.9504719445355208,2025-04-24
41.26388818342464,1.9504950180327885,2025-04-24
41.26388818342464,1.9505180915300564,2025-04-24
41.26388818342464,1.950541165027324,2025-04-24
41.26388818342464,1.9505642385245918,2025-04-24
41.26388818342464,1.9505873120218595,2025-04-24
41.26388818342464,1.9506103855191275,2025-04-24
41.26388818342464,1.9506334590163952,2025-04-24
41.26388818342464,1.9506565325136629,2025-04-24
41.26388818342464,1.9506796060109306,2025-04-24
41.26388818342464,1.9507026795081983,2025-04-24
41.26388818342464,1.9507257530054662,2025-04-24
41.26388818342464,1.950748826502734,2025-04-24
41.26388818342464,1.9507719000000017,2025-04-24
41.26388818342464,1.9507949734972694,2025-04-24
41.26388818342464,1.9508180469945373,2025-04-24
41.26388818342464,1.950841120491805,2025-04-24
41.26388818342464,1.9508641939890727,2025-04-24
41.26388818342464,1.9508872674863404,2025-04-24
41.26388818342464,1.9509103409836082,2025-04-24
41.26388818342464,1.950933414480876,2025-04-24
41.26388818342464,1.9509564879781438,2025-04-24
41.26388818342464,1.9509795614754115,2025-04-24
41.26388818342464,1.9510026349726792,2025-04-24
41.26388818342464,1.951025708469947,2025-04-24
41.26388818342464,1.9510487819672149,2025-04-24
41.26388818342464,1.9510718554644826,2025-04-24
41.26388818342464,1.9510949289617503,2025-04-24
41.26382827841553,1.9499412540983623,2025-04-24
41.26382827841553,1.9499643275956302,2025-04-24
41.26382827841553,1.949987401092898,2025-04-24
41.26382827841553,1.9500104745901656,2025-04-24
41.26382827841553,1.9500335480874333,2025-04-24
41.26382827841553,1.950056621584701,2025-04-24
41.26382827841553,1.950079695081969,2025-04-24
41.26382827841553,1.9501027685792367,2025-04-24
41.26382827841553,1.9501258420765044,2025-04-24
41.26382827841553,1.9501489155737721,2025-04-24
41.26382827841553,1.9501719890710398,2025-04-24
41.26382827841553,1.9501950625683078,2025-04-24
41.26382827841553,1.9502181360655755,2025-04-24
41.26382827841553,1.9502412095628432,2025-04-24
41.26382827841553,1.950264283060111,2025-04-24
41.26382827841553,1.9502873565573788,2025-04-24
41.26382827841553,1.9503104300546465,2025-04-24
41.26382827841553,1.9503335035519143,2025-04-24
41.26382827841553,1.950356577049182,2025-04-24
41.26382827841553,1.9503796505464497,2025-04-24
41.26382827841553,1.9504027240437176,2025-04-24
41.26382827841553,1.9504257975409853,2025-04-24
41.26382827841553,1.950448871038253,2025-04-24
41.26382827841553,1.9504719445355208,2025-04-24
41.26382827841553,1.9504950180327885,2025-04-24
41.26382827841553,1.9505180915300564,2025-04-24
41.26382827841553,1.950541165027324,2025-04-24
41.26382827841553,1.9505642385245918,2025-04-24
41.26382827841553,1.9505873120218595,2025-04-24
41.26382827841553,1.9506103855191275,2025-04-24
41.26382827841553,1.9506334590163952,2025-04-24
41.26382827841553,1.9506565325136629,2025-04-24
41.26382827841553,1.9506796060109306,2025-04-24
41.26382827841553,1.9507026795081983,2025-04-24
41.26382827841553,1.9507257530054662,2025-04-24
41.26382827841553,1.950748826502734,2025-04-24
41.26382827841553,1.9507719000000017,2025-04-24
41.26382827841553,1.9507949734972694,2025-04-24
41.26382827841553,1.9508180469945373,2025-04-24
41.26382827841553,1.950841120491805,2025-04-24
41.26382827841553,1.9508641939890727,2025-04-24
41.26382827841553,1.9508872674863404,2025-04-24
41.26382827841553,1.9509103409836082,2025-04-24
41.26382827841553,1.950933414480876,2025-04-24
41.26382827841553,1.9509564879781438,2025-04-24
41.26382827841553,1.9509795614754115,2025-04-24
41.26382827841553,1.9510026349726792,2025-04-24
41.26382827841553,1.951025708469947,2025-04-24
41.26382827841553,1.9510487819672149,2025-04-24
41.26382827841553,1.9510718554644826,2025-04-24
41.26382827841553,1.9510949289617503,2025-04-24
41.26376837340643,1.9486260647541,2025-04-24
41.26376837340643,1.9486491382513678,2025-04-24
41.26376837340643,1.9486722117486355,2025-04-24
41.26376837340643,1.9486952852459034,2025-04-24
41.26376837340643,1.9487183587431711,2025-04-24
41.26376837340643,1.9487414322404388,2025-04-24
41.26376837340643,1.9487645057377065,2025-04-24
41.26376837340643,1.9487875792349745,2025-04-24
41.26376837340643,1.9488106527322422,2025-04-24
41.26376837340643,1.94883372622951,2025-04-24
41.26376837340643,1.9488567997267776,2025-04-24
41.26376837340643,1.9488798732240453,2025-04-24
41.26376837340643,1.9489029467213133,2025-04-24
41.26376837340643,1.948926020218581,2025-04-24
41.26376837340643,1.9489490937158487,2025-04-24
41.26376837340643,1.9489721672131164,2025-04-24
41.26376837340643,1.948995240710384,2025-04-24
41.26376837340643,1.949018314207652,2025-04-24
41.26376837340643,1.9490413877049197,2025-04-24
41.26376837340643,1.9490644612021875,2025-04-24
41.26376837340643,1.9490875346994552,2025-04-24
41.26376837340643,1.949110608196723,2025-04-24
41.26376837340643,1.9491336816939908,2025-04-24
41.26376837340643,1.9491567551912585,2025-04-24
41.26376837340643,1.9491798286885262,2025-04-24
41.26376837340643,1.949202902185794,2025-04-24
41.26376837340643,1.9492259756830619,2025-04-24
41.26376837340643,1.9492490491803296,2025-04-24
41.26376837340643,1.9492721226775973,2025-04-24
41.26376837340643,1.949295196174865,2025-04-24
41.26376837340643,1.9493182696721327,2025-04-24
41.26376837340643,1.9493413431694007,2025-04-24
41.26376837340643,1.9493644166666684,2025-04-24
41.26376837340643,1.949387490163936,2025-04-24
41.26376837340643,1.9494105636612038,2025-04-24
41.26376837340643,1.9494336371584717,2025-04-24
41.26376837340643,1.9494567106557394,2025-04-24
41.26376837340643,1.9494797841530072,2025-04-24
41.26376837340643,1.9495028576502749,2025-04-24
41.26376837340643,1.9495259311475426,2025-04-24
41.26376837340643,1.9495490046448105,2025-04-24
41.26376837340643,1.9495720781420782,2025-04-24
41.26376837340643,1.949595151639346,2025-04-24
41.26376837340643,1.9496182251366136,2025-04-24
41.26376837340643,1.9496412986338816,2025-04-24
41.26376837340643,1.9496643721311493,2025-04-24
41.26376837340643,1.949687445628417,2025-04-24
41.26376837340643,1.9497105191256847,2025-04-24
41.26376837340643,1.9497335926229524,2025-04-24
41.26376837340643,1.9497566661202204,2025-04-24
41.26376837340643,1.949779739617488,2025-04-24
41.26376837340643,1.9498028131147558,2025-04-24
41.26376837340643,1.9498258866120235,2025-04-24
41.26376837340643,1.9498489601092912,2025-04-24
41.26376837340643,1.9498720336065591,2025-04-24
41.26376837340643,1.9498951071038269,2025-04-24
41.26376837340643,1.9499181806010946,2025-04-24
41.26370846839732,1.9486260647541,2025-04-24
41.26370846839732,1.9486491382513678,2025-04-24
41.26370846839732,1.9486722117486355,2025-04-24
41.26370846839732,1.9486952852459034,2025-04-24
41.26370846839732,1.9487183587431711,2025-04-24
41.26370846839732,1.9487414322404388,2025-04-24
41.26370846839732,1.9487645057377065,2025-04-24
41.26370846839732,1.9487875792349745,2025-04-24
41.26370846839732,1.9488106527322422,2025-04-24
41.26370846839732,1.94883372622951,2025-04-24
41.26370846839732,1.9488567997267776,2025-04-24
41.26370846839732,1.9488798732240453,2025-04-24
41.26370846839732,1.9489029467213133,2025-04-24
41.26370846839732,1.948926020218581,2025-04-24
41.26370846839732,1.9489490937158487,2025-04-24
41.26370846839732,1.9489721672131164,2025-04-24
41.26370846839732,1.948995240710384,2025-04-24
41.26370846839732,1.949018314207652,2025-04-24
41.26370846839732,1.9490413877049197,2025-04-24
41.26370846839732,1.9490644612021875,2025-04-24
41.26370846839732,1.9490875346994552,2025-04-24
41.26370846839732,1.949110608196723,2025-04-24
41.26370846839732,1.9491336816939908,2025-04-24
41.26370846839732,1.9491567551912585,2025-04-24
41.26370846839732,1.9491798286885262,2025-04-24
41.26370846839732,1.949202902185794,2025-04-24
41.26370846839732,1.9492259756830619,2025-04-24
41.26370846839732,1.9492490491803296,2025-04-24
41.26370846839732,1.9492721226775973,2025-04-24
41.26370846839732,1.949295196174865,2025-04-24
41.26370846839732,1.9493182696721327,2025-04-24
41.26370846839732,1.9493413431694007,2025-04-24
41.26370846839732,1.9493644166666684,2025-04-24
41.26370846839732,1.949387490163936,2025-04-24
41.26370846839732,1.9494105636612038,2025-04-24
41.26370846839732,1.9494336371584717,2025-04-24
41.26370846839732,1.9494567106557394,2025-04-24
41.26370846839732,1.9494797841530072,2025-04-24
41.26370846839732,1.9495028576502749,2025-04-24
41.26370846839732,1.9495259311475426,2025-04-24
41.26370846839732,1.9495490046448105,2025-04-24
41.26370846839732,1.9495720781420782,2025-04-24
41.26370846839732,1.949595151639346,2025-04-24
41.26370846839732,1.9496182251366136,2025-04-24
41.26370846839732,1.9496412986338816,2025-04-24
41.26370846839732,1.9496643721311493,2025-04-24
41.26370846839732,1.949687445628417,2025-04-24
41.26370846839732,1.9497105191256847,2025-04-24
41.26370846839732,1.9497335926229524,2025-04-24
41.26370846839732,1.9497566661202204,2025-04-24
41.26370846839732,1.949779739617488,2025-04-24
41.26370846839732,1.9498028131147558,2025-04-24
41.26370846839732,1.9498258866120235,2025-04-24
41.26370846839732,1.9498489601092912,2025-04-24
41.26370846839732,1.9498720336065591,2025-04-24
41.26370846839732,1.9498951071038269,2025-04-24
41.26370846839732,1.9499181806010946,2025-04-24
41.26364856338821,1.947195507923499,2025-04-24
41.26364856338821,1.9472185814207668,2025-04-24
41.26364856338821,1.9472416549180345,2025-04-24
41.26364856338821,1.9472647284153022,2025-04-24
41.26364856338821,1.9472878019125701,2025-04-24
41.26364856338821,1.9473108754098378,2025-04-24
41.26364856338821,1.9473339489071055,2025-04-24
41.26364856338821,1.9473570224043733,2025-04-24
41.26364856338821,1.947380095901641,2025-04-24
41.26364856338821,1.947403169398909,2025-04-24
41.26364856338821,1.9474262428961766,2025-04-24
41.26364856338821,1.9474493163934443,2025-04-24
41.26364856338821,1.947472389890712,2025-04-24
41.26364856338821,1.9474954633879797,2025-04-24
41.26364856338821,1.9475185368852477,2025-04-24
41.26364856338821,1.9475416103825154,2025-04-24
41.26364856338821,1.947564683879783,2025-04-24
41.26364856338821,1.9475877573770508,2025-04-24
41.26364856338821,1.9476108308743187,2025-04-24
41.26364856338821,1.9476339043715865,2025-04-24
41.26364856338821,1.9476569778688542,2025-04-24
41.26364856338821,1.9476800513661219,2025-04-24
41.26364856338821,1.9477031248633896,2025-04-24
41.26364856338821,1.9477261983606575,2025-04-24
41.26364856338821,1.9477492718579252,2025-04-24
41.26364856338821,1.947772345355193,2025-04-24
41.26364856338821,1.9477954188524607,2025-04-24
41.26364856338821,1.9478184923497284,2025-04-24
41.26364856338821,1.9478415658469963,2025-04-24
41.26364856338821,1.947864639344264,2025-04-24
41.26364856338821,1.9478877128415317,2025-04-24
41.26364856338821,1.9479107863387994,2025-04-24
41.26364856338821,1.9479338598360674,2025-04-24
41.26364856338821,1.947956933333335,2025-04-24
41.26364856338821,1.9479800068306028,2025-04-24
41.26364856338821,1.9480030803278705,2025-04-24
41.26364856338821,1.9480261538251382,2025-04-24
41.26364856338821,1.9480492273224062,2025-04-24
41.26364856338821,1.9480723008196739,2025-04-24
41.26364856338821,1.9480953743169416,2025-04-24
41.26364856338821,1.9481184478142093,2025-04-24
41.26364856338821,1.948141521311477,2025-04-24
41.26364856338821,1.948164594808745,2025-04-24
41.26364856338821,1.9481876683060126,2025-04-24
41.26364856338821,1.9482107418032804,2025-04-24
41.26364856338821,1.948233815300548,2025-04-24
41.26364856338821,1.948256888797816,2025-04-24
41.26364856338821,1.9482799622950837,2025-04-24
41.26364856338821,1.9483030357923514,2025-04-24
41.26364856338821,1.9483261092896191,2025-04-24
41.26364856338821,1.9483491827868868,2025-04-24
41.26364856338821,1.9483722562841548,2025-04-24
41.26364856338821,1.9483953297814225,2025-04-24
41.26364856338821,1.9484184032786902,2025-04-24
41.26364856338821,1.948441476775958,2025-04-24
41.26364856338821,1.9484645502732258,2025-04-24
41.26364856338821,1.9484876237704936,2025-04-24
41.263588658379106,1.9468494054644825,2025-04-24
41.263588658379106,1.9468724789617504,2025-04-24
41.263588658379106,1.9468955524590181,2025-04-24
41.263588658379106,1.9469186259562858,2025-04-24
41.263588658379106,1.9469416994535536,2025-04-24
41.263588658379106,1.9469647729508215,2025-04-24
41.263588658379106,1.9469878464480892,2025-04-24
41.263588658379106,1.947010919945357,2025-04-24
41.263588658379106,1.9470339934426246,2025-04-24
41.263588658379106,1.9470570669398923,2025-04-24
41.263588658379106,1.9470801404371603,2025-04-24
41.263588658379106,1.947103213934428,2025-04-24
41.263588658379106,1.9471262874316957,2025-04-24
41.263588658379106,1.9471493609289634,2025-04-24
41.263588658379106,1.9471724344262311,2025-04-24
41.263588658379106,1.947195507923499,2025-04-24
41.263588658379106,1.9472878019125701,2025-04-24
41.26352875337,1.9462725680327886,2025-04-24
41.26352875337,1.9462956415300563,2025-04-24
41.26352875337,1.946318715027324,2025-04-24
41.26352875337,1.946341788524592,2025-04-24
41.26352875337,1.9463648620218597,2025-04-24
41.26352875337,1.9463879355191274,2025-04-24
41.26352875337,1.946411009016395,2025-04-24
41.26352875337,1.946434082513663,2025-04-24
41.26352875337,1.9464571560109307,2025-04-24
41.26352875337,1.9464802295081984,2025-04-24
41.26352875337,1.9465033030054661,2025-04-24
41.26352875337,1.9465263765027339,2025-04-24
41.26352875337,1.9465494500000018,2025-04-24
41.26352875337,1.9465725234972695,2025-04-24
41.26352875337,1.9465955969945372,2025-04-24
41.26352875337,1.946618670491805,2025-04-24
41.26352875337,1.9466417439890726,2025-04-24
41.26352875337,1.9466648174863406,2025-04-24
41.26352875337,1.9466878909836083,2025-04-24
41.26352875337,1.946710964480876,2025-04-24
41.26352875337,1.9467340379781437,2025-04-24
41.26352875337,1.9467571114754116,2025-04-24
41.26352875337,1.9467801849726794,2025-04-24
41.26352875337,1.946803258469947,2025-04-24
41.26352875337,1.9468263319672148,2025-04-24
41.26352875337,1.9468494054644825,2025-04-24
41.26352875337,1.9468724789617504,2025-04-24
41.26352875337,1.9468955524590181,2025-04-24
41.26352875337,1.9469186259562858,2025-04-24
41.26352875337,1.9469416994535536,2025-04-24
41.26352875337,1.9469647729508215,2025-04-24
41.26352875337,1.9469878464480892,2025-04-24
41.26352875337,1.947010919945357,2025-04-24
41.26352875337,1.9470339934426246,2025-04-24
41.26352875337,1.9470570669398923,2025-04-24
41.26352875337,1.9470801404371603,2025-04-24
41.26352875337,1.947103213934428,2025-04-24
41.26352875337,1.9471262874316957,2025-04-24
41.26352875337,1.9471493609289634,2025-04-24
41.26352875337,1.9471724344262311,2025-04-24
41.26352875337,1.947195507923499,2025-04-24
41.26352875337,1.9472185814207668,2025-04-24
41.26352875337,1.9472416549180345,2025-04-24
41.26352875337,1.9472647284153022,2025-04-24
41.26352875337,1.9472878019125701,2025-04-24
