date,transect_id,reference_x,reference_y,distance_m
2025-01-01,0,1.946826331967215,41.26358865837913,-5.9905009081262506e-05
2025-01-01,1,1.979290742622952,41.26388818342464,0.0
2025-01-09,0,1.946826331967215,41.26358865837913,5.99050091310005e-05
2025-01-09,1,1.979290742622952,41.26388818342464,
2025-01-14,0,1.946826331967215,41.26358865837913,5.9905009081262506e-05
2025-01-14,1,1.979290742622952,41.26388818342464,
2025-01-15,0,1.946826331967215,41.26358865837913,
2025-01-15,1,1.979290742622952,41.26388818342464,
2025-01-24,0,1.946826331967215,41.26358865837913,-5.9905009081262506e-05
2025-01-24,1,1.979290742622952,41.26388818342464,
2025-02-03,0,1.946826331967215,41.26358865837913,0.00011981001819094672
2025-02-03,1,1.979290742622952,41.26388818342464,
2025-02-05,0,1.946826331967215,41.26358865837913,-8.011630825421889e-08
2025-02-05,1,1.979290742622952,41.26388818342464,-5.9905009109684215e-05
2025-03-05,0,1.946826331967215,41.26358865837913,5.99050091310005e-05
2025-03-05,1,1.979290742622952,41.26388818342464,
2025-03-15,0,1.946826331967215,41.26358865837913,5.9905009081262506e-05
2025-03-15,1,1.979290742622952,41.26388818342464,
2025-03-17,0,1.946826331967215,41.26358865837913,5.99050091310005e-05
2025-03-17,1,1.979290742622952,41.26388818342464,
2025-03-24,0,1.946826331967215,41.26358865837913,5.9905009081262506e-05
2025-03-24,1,1.979290742622952,41.26388818342464,0.00011981001821936843
2025-03-27,0,1.946826331967215,41.26358865837913,5.99050091310005e-05
2025-03-27,1,1.979290742622952,41.26388818342464,7.619917158763201e-05
2025-03-30,0,1.946826331967215,41.26358865837913,5.99050091310005e-05
2025-03-30,1,1.979290742622952,41.26388818342464,
2025-04-01,0,1.946826331967215,41.26358865837913,5.99050091310005e-05
2025-04-01,1,1.979290742622952,41.26388818342464,5.9905009109684215e-05
2025-04-06,0,1.946826331967215,41.26358865837913,5.99050091310005e-05
2025-04-06,1,1.979290742622952,41.26388818342464,
2025-04-21,0,1.946826331967215,41.26358865837913,5.99050091310005e-05
2025-04-21,1,1.979290742622952,41.26388818342464,-0.00011981001821936843
2025-04-23,0,1.946826331967215,41.26358865837913,5.99050091310005e-05
2025-04-23,1,1.979290742622952,41.26388818342464,-0.00011981001821936843
2025-04-24,0,1.946826331967215,41.26358865837913,5.99050091310005e-05
2025-04-24,1,1.979290742622952,41.26388818342464,
2025-04-29,0,1.946826331967215,41.26358865837913,5.99050091310005e-05
2025-04-29,1,1.979290742622952,41.26388818342464,
2025-05-11,0,1.946826331967215,41.26358865837913,5.99050091310005e-05
2025-05-11,1,1.979290742622952,41.26388818342464,5.9905009109684215e-05
2025-05-13,0,1.946826331967215,41.26358865837913,5.99050091310005e-05
2025-05-13,1,1.979290742622952,41.26388818342464,6.191139697619974e-05
2025-05-16,0,1.946826331967215,41.26358865837913,5.99050091310005e-05
2025-05-16,1,1.979290742622952,41.26388818342464,
2025-05-21,0,1.946826331967215,41.26358865837913,5.99050091310005e-05
2025-05-21,1,1.979290742622952,41.26388818342464,5.9905009109684215e-05
2025-05-23,0,1.946826331967215,41.26358865837913,5.99050091310005e-05
2025-05-23,1,1.979290742622952,41.26388818342464,0.0
2025-05-26,0,1.946826331967215,41.26358865837913,5.99050091310005e-05
2025-05-26,1,1.979290742622952,41.26388818342464,0.0
2025-05-29,0,1.946826331967215,41.26358865837913,1.7115716907767364e-05
2025-05-29,1,1.979290742622952,41.26388818342464,
2025-05-31,0,1.946826331967215,41.26358865837913,5.99050091310005e-05
2025-05-31,1,1.979290742622952,41.26388818342464,-0.00011981001821936843
2025-06-03,0,1.946826331967215,41.26358865837913,-8.011630825421889e-08
2025-06-03,1,1.979290742622952,41.26388818342464,
2025-06-10,0,1.946826331967215,41.26358865837913,5.99050091310005e-05
2025-06-10,1,1.979290742622952,41.26388818342464,5.9905009109684215e-05
2025-06-12,0,1.946826331967215,41.26358865837913,5.99050091310005e-05
2025-06-12,1,1.979290742622952,41.26388818342464,-5.9905009109684215e-05
2025-06-18,0,1.946826331967215,41.26358865837913,3.7649278191054236e-05
2025-06-18,1,1.979290742622952,41.26388818342464,
2025-06-20,0,1.946826331967215,41.26358865837913,2.3962003794508746e-06
2025-06-20,1,1.979290742622952,41.26388818342464,0.0
2025-06-22,0,1.946826331967215,41.26358865837913,5.99050091310005e-05
2025-06-22,1,1.979290742622952,41.26388818342464,0.0
2025-06-23,0,1.946826331967215,41.26358865837913,5.99050091310005e-05
2025-06-23,1,1.979290742622952,41.26388818342464,
2025-06-25,0,1.946826331967215,41.26358865837913,5.99050091310005e-05
2025-06-25,1,1.979290742622952,41.26388818342464,-5.9905009109684215e-05
2025-06-28,0,1.946826331967215,41.26358865837913,5.99050091310005e-05
2025-06-28,1,1.979290742622952,41.26388818342464,
2025-06-30,0,1.946826331967215,41.26358865837913,-1.1093520171812088e-05
2025-06-30,1,1.979290742622952,41.26388818342464,-0.00011981001821936843
